"Colour Master — every fabric/item colourway sourced directly from Decora spec files and product datasets (not from the trade book price grids, which only give collection/band, not individual colours). See Notes / Improvements for categories not yet covered.",,,,,
Product Category,Collection,Colour Name,Colour Code,Band,Source File
Contract Vertical,Barclay,Noir,,B,Datasets/127mmCruzeVertical.csv (CZ127)
Contract Vertical,Barclay,Pure,,B,Datasets/127mmCruzeVertical.csv (CZ127)
Contract Vertical,Bella,Bossa,,C,Datasets/127mmCruzeVertical.csv (CZ127)
Contract Vertical,Bella,Brittany,,C,Datasets/127mmCruzeVertical.csv (CZ127)
Contract Vertical,Bella,Dove,,C,Datasets/127mmCruzeVertical.csv (CZ127)
Contract Vertical,Bella,Duck Egg,,C,Datasets/127mmCruzeVertical.csv (CZ127)
Contract Vertical,Bella,Glade,,C,Datasets/127mmCruzeVertical.csv (CZ127)
Contract Vertical,Bella,Grey Whisper,,C,Datasets/127mmCruzeVertical.csv (CZ127)
Contract Vertical,Bella,Indigo,,C,Datasets/127mmCruzeVertical.csv (CZ127)
Contract Vertical,Bella,Oyster,,C,Datasets/127mmCruzeVertical.csv (CZ127)
Contract Vertical,Bella,Rock,,C,Datasets/127mmCruzeVertical.csv (CZ127)
Contract Vertical,Bella,Snow,,C,Datasets/127mmCruzeVertical.csv (CZ127)
Contract Vertical,Glimpse,Blush,,C,Datasets/127mmCruzeVertical.csv (CZ127)
Contract Vertical,Glimpse,Brulee,,C,Datasets/127mmCruzeVertical.csv (CZ127)
Contract Vertical,Glimpse,Denim,,C,Datasets/127mmCruzeVertical.csv (CZ127)
Contract Vertical,Glimpse,Gaze,,C,Datasets/127mmCruzeVertical.csv (CZ127)
Contract Vertical,Glimpse,Noir,,C,Datasets/127mmCruzeVertical.csv (CZ127)
Contract Vertical,Glimpse,Oyster,,C,Datasets/127mmCruzeVertical.csv (CZ127)
Contract Vertical,Glimpse,Sage,,C,Datasets/127mmCruzeVertical.csv (CZ127)
Contract Vertical,Glimpse,Snow,,C,Datasets/127mmCruzeVertical.csv (CZ127)
Contract Vertical,Hayden,Empire,,B,Datasets/127mmCruzeVertical.csv (CZ127)
Contract Vertical,Hayden,Fern,,B,Datasets/127mmCruzeVertical.csv (CZ127)
Contract Vertical,Hayden,Harmony,,B,Datasets/127mmCruzeVertical.csv (CZ127)
Contract Vertical,Hayden,Heritage,,B,Datasets/127mmCruzeVertical.csv (CZ127)
Contract Vertical,Hayden,Honey,,B,Datasets/127mmCruzeVertical.csv (CZ127)
Contract Vertical,Hayden,Midnight,,B,Datasets/127mmCruzeVertical.csv (CZ127)
Contract Vertical,Hayden,Mist,,B,Datasets/127mmCruzeVertical.csv (CZ127)
Contract Vertical,Hayden,Shadow,,B,Datasets/127mmCruzeVertical.csv (CZ127)
Contract Vertical,Hayden,Sky,,B,Datasets/127mmCruzeVertical.csv (CZ127)
Contract Vertical,Hayden,Warmth,,B,Datasets/127mmCruzeVertical.csv (CZ127)
Contract Vertical,Hayden,Whisper,,B,Datasets/127mmCruzeVertical.csv (CZ127)
Contract Vertical,Hayworth,Empire,,C,Datasets/127mmCruzeVertical.csv (CZ127)
Contract Vertical,Hayworth,Fern,,C,Datasets/127mmCruzeVertical.csv (CZ127)
Contract Vertical,Hayworth,Harmony,,C,Datasets/127mmCruzeVertical.csv (CZ127)
Contract Vertical,Hayworth,Heritage,,C,Datasets/127mmCruzeVertical.csv (CZ127)
Contract Vertical,Hayworth,Honey,,C,Datasets/127mmCruzeVertical.csv (CZ127)
Contract Vertical,Hayworth,Midnight,,C,Datasets/127mmCruzeVertical.csv (CZ127)
Contract Vertical,Hayworth,Mist,,C,Datasets/127mmCruzeVertical.csv (CZ127)
Contract Vertical,Hayworth,Shadow,,C,Datasets/127mmCruzeVertical.csv (CZ127)
Contract Vertical,Hayworth,Sky,,C,Datasets/127mmCruzeVertical.csv (CZ127)
Contract Vertical,Hayworth,Warmth,,C,Datasets/127mmCruzeVertical.csv (CZ127)
Contract Vertical,Hayworth,Whisper,,C,Datasets/127mmCruzeVertical.csv (CZ127)
Contract Vertical,Rocha,Brulee,,D,Datasets/127mmCruzeVertical.csv (CZ127)
Contract Vertical,Rocha,Fern,,D,Datasets/127mmCruzeVertical.csv (CZ127)
Contract Vertical,Rocha,Sky,,D,Datasets/127mmCruzeVertical.csv (CZ127)
Contract Vertical,Rocha,Wolf,,D,Datasets/127mmCruzeVertical.csv (CZ127)
Contract Vertical,Soma,Graphite,,C,Datasets/127mmCruzeVertical.csv (CZ127)
Contract Vertical,Soma,Regal,,C,Datasets/127mmCruzeVertical.csv (CZ127)
Contract Vertical,Soma,Steel,,C,Datasets/127mmCruzeVertical.csv (CZ127)
Contract Vertical,Splash,Bossa,,A,Datasets/127mmCruzeVertical.csv (CZ127)
Contract Vertical,Splash,Brittany,,A,Datasets/127mmCruzeVertical.csv (CZ127)
Contract Vertical,Splash,Dove,,A,Datasets/127mmCruzeVertical.csv (CZ127)
Contract Vertical,Splash,Duck Egg,,A,Datasets/127mmCruzeVertical.csv (CZ127)
Contract Vertical,Splash,Glade,,A,Datasets/127mmCruzeVertical.csv (CZ127)
Contract Vertical,Splash,Grey Whisper,,A,Datasets/127mmCruzeVertical.csv (CZ127)
Contract Vertical,Splash,Indigo,,A,Datasets/127mmCruzeVertical.csv (CZ127)
Contract Vertical,Splash,Oyster,,A,Datasets/127mmCruzeVertical.csv (CZ127)
Contract Vertical,Splash,Rock,,A,Datasets/127mmCruzeVertical.csv (CZ127)
Contract Vertical,Splash,Snow,,A,Datasets/127mmCruzeVertical.csv (CZ127)
Contract Vertical,UniColour,Ash,,B/C,Datasets/127mmCruzeVertical.csv (CZ127)
Contract Vertical,UniColour,Atmosphere,,B/C,Datasets/127mmCruzeVertical.csv (CZ127)
Contract Vertical,UniColour,Batik,,B/C,Datasets/127mmCruzeVertical.csv (CZ127)
Contract Vertical,UniColour,Beige,,B/C,Datasets/127mmCruzeVertical.csv (CZ127)
Contract Vertical,UniColour,Black,,B/C,Datasets/127mmCruzeVertical.csv (CZ127)
Contract Vertical,UniColour,Charcoal,,B/C,Datasets/127mmCruzeVertical.csv (CZ127)
Contract Vertical,UniColour,Chocolate,,B/C,Datasets/127mmCruzeVertical.csv (CZ127)
Contract Vertical,UniColour,Cream,,B/C,Datasets/127mmCruzeVertical.csv (CZ127)
Contract Vertical,UniColour,Cyan,,B/C,Datasets/127mmCruzeVertical.csv (CZ127)
Contract Vertical,UniColour,Dove,,B/C,Datasets/127mmCruzeVertical.csv (CZ127)
Contract Vertical,UniColour,Escape,,B/C,Datasets/127mmCruzeVertical.csv (CZ127)
Contract Vertical,UniColour,Flint,,B/C,Datasets/127mmCruzeVertical.csv (CZ127)
Contract Vertical,UniColour,Glade,,B/C,Datasets/127mmCruzeVertical.csv (CZ127)
Contract Vertical,UniColour,Kara,,B/C,Datasets/127mmCruzeVertical.csv (CZ127)
Contract Vertical,UniColour,Kiwi,,B/C,Datasets/127mmCruzeVertical.csv (CZ127)
Contract Vertical,UniColour,Lapis,,B/C,Datasets/127mmCruzeVertical.csv (CZ127)
Contract Vertical,UniColour,Luna,,B/C,Datasets/127mmCruzeVertical.csv (CZ127)
Contract Vertical,UniColour,Morello,,B/C,Datasets/127mmCruzeVertical.csv (CZ127)
Contract Vertical,UniColour,Mulberry,,B/C,Datasets/127mmCruzeVertical.csv (CZ127)
Contract Vertical,UniColour,Naro,,B/C,Datasets/127mmCruzeVertical.csv (CZ127)
Contract Vertical,UniColour,Navy,,B/C,Datasets/127mmCruzeVertical.csv (CZ127)
Contract Vertical,UniColour,Rayon,,B/C,Datasets/127mmCruzeVertical.csv (CZ127)
Contract Vertical,UniColour,Red,,B/C,Datasets/127mmCruzeVertical.csv (CZ127)
Contract Vertical,UniColour,Shell,,B/C,Datasets/127mmCruzeVertical.csv (CZ127)
Contract Vertical,UniColour,Taupe,,B/C,Datasets/127mmCruzeVertical.csv (CZ127)
Contract Vertical,UniColour,White,,B/C,Datasets/127mmCruzeVertical.csv (CZ127)
Contract Vertical,UniShade,Ash,,B/C,Datasets/127mmCruzeVertical.csv (CZ127)
Contract Vertical,UniShade,Atmosphere,,B/C,Datasets/127mmCruzeVertical.csv (CZ127)
Contract Vertical,UniShade,Batik,,B/C,Datasets/127mmCruzeVertical.csv (CZ127)
Contract Vertical,UniShade,Beige,,B/C,Datasets/127mmCruzeVertical.csv (CZ127)
Contract Vertical,UniShade,Black,,B/C,Datasets/127mmCruzeVertical.csv (CZ127)
Contract Vertical,UniShade,Charcoal,,B/C,Datasets/127mmCruzeVertical.csv (CZ127)
Contract Vertical,UniShade,Chocolate,,B/C,Datasets/127mmCruzeVertical.csv (CZ127)
Contract Vertical,UniShade,Cream,,B/C,Datasets/127mmCruzeVertical.csv (CZ127)
Contract Vertical,UniShade,Cyan,,B/C,Datasets/127mmCruzeVertical.csv (CZ127)
Contract Vertical,UniShade,Dove,,B/C,Datasets/127mmCruzeVertical.csv (CZ127)
Contract Vertical,UniShade,Escape,,B/C,Datasets/127mmCruzeVertical.csv (CZ127)
Contract Vertical,UniShade,Flint,,B/C,Datasets/127mmCruzeVertical.csv (CZ127)
Contract Vertical,UniShade,Glade,,B/C,Datasets/127mmCruzeVertical.csv (CZ127)
Contract Vertical,UniShade,Kara,,B/C,Datasets/127mmCruzeVertical.csv (CZ127)
Contract Vertical,UniShade,Kiwi,,B/C,Datasets/127mmCruzeVertical.csv (CZ127)
Contract Vertical,UniShade,Lapis,,B/C,Datasets/127mmCruzeVertical.csv (CZ127)
Contract Vertical,UniShade,Luna,,B/C,Datasets/127mmCruzeVertical.csv (CZ127)
Contract Vertical,UniShade,Morello,,B/C,Datasets/127mmCruzeVertical.csv (CZ127)
Contract Vertical,UniShade,Mulberry,,B/C,Datasets/127mmCruzeVertical.csv (CZ127)
Contract Vertical,UniShade,Naro,,B/C,Datasets/127mmCruzeVertical.csv (CZ127)
Contract Vertical,UniShade,Navy,,B/C,Datasets/127mmCruzeVertical.csv (CZ127)
Contract Vertical,UniShade,Rayon,,B/C,Datasets/127mmCruzeVertical.csv (CZ127)
Contract Vertical,UniShade,Red,,B/C,Datasets/127mmCruzeVertical.csv (CZ127)
Contract Vertical,UniShade,Shell,,B/C,Datasets/127mmCruzeVertical.csv (CZ127)
Contract Vertical,UniShade,Taupe,,B/C,Datasets/127mmCruzeVertical.csv (CZ127)
Contract Vertical,UniShade,White,,B/C,Datasets/127mmCruzeVertical.csv (CZ127)
Contract Vertical,Uniline,Ash,,B/C,Datasets/127mmCruzeVertical.csv (CZ127)
Contract Vertical,Uniline,Noir,,B/C,Datasets/127mmCruzeVertical.csv (CZ127)
FB Romans,Artisan,Dove,,D,PDF: SPEC46 Roman & Curtain
FB Romans,Artisan,Fawn,,D,PDF: SPEC46 Roman & Curtain
FB Romans,Artisan,Ocean,,D,PDF: SPEC46 Roman & Curtain
FB Romans,Artisan,Sage,,D,PDF: SPEC46 Roman & Curtain
FB Romans,Arturo,Dove,,D,PDF: SPEC46 Roman & Curtain
FB Romans,Arturo,Ink,,D,PDF: SPEC46 Roman & Curtain
FB Romans,Arturo,Porcelain,,D,PDF: SPEC46 Roman & Curtain
FB Romans,Arturo,Trufle,,D,PDF: SPEC46 Roman & Curtain
FB Romans,Belle,Peony,,B,PDF: SPEC46 Roman & Curtain
FB Romans,Boheme,Balance,,A,PDF: SPEC46 Roman & Curtain
FB Romans,Boheme,Eden,,A,PDF: SPEC46 Roman & Curtain
FB Romans,Boheme,Surf,,A,PDF: SPEC46 Roman & Curtain
FB Romans,Calista,Breeze,,C,PDF: SPEC46 Roman & Curtain
FB Romans,Calista,Citrus,,C,PDF: SPEC46 Roman & Curtain
FB Romans,Calista,Lust,,C,PDF: SPEC46 Roman & Curtain
FB Romans,Calista,Mineral,,C,PDF: SPEC46 Roman & Curtain
FB Romans,Cami,Rose,,C,PDF: SPEC46 Roman & Curtain
FB Romans,Cami,Sand,,C,PDF: SPEC46 Roman & Curtain
FB Romans,Canvas,Moss,,C,PDF: SPEC46 Roman & Curtain
FB Romans,Canvas,Pacific,,C,PDF: SPEC46 Roman & Curtain
FB Romans,Canvas,Sahara,,C,PDF: SPEC46 Roman & Curtain
FB Romans,Capella,Rose,,B,PDF: SPEC46 Roman & Curtain
FB Romans,Catkin,Duck Egg,,D,PDF: SPEC46 Roman & Curtain
FB Romans,Catkin,Mineral,,D,PDF: SPEC46 Roman & Curtain
FB Romans,Catkin,Mist,,D,PDF: SPEC46 Roman & Curtain
FB Romans,Catkin,Praline,,D,PDF: SPEC46 Roman & Curtain
FB Romans,Catkin,Shine,,D,PDF: SPEC46 Roman & Curtain
FB Romans,Celina,Berry,,C,PDF: SPEC46 Roman & Curtain
FB Romans,Celina,Blush,,C,PDF: SPEC46 Roman & Curtain
FB Romans,Celina,Willow,,C,PDF: SPEC46 Roman & Curtain
FB Romans,Cielo,Amethyst,,B,PDF: SPEC46 Roman & Curtain
FB Romans,Cielo,Indigo,,B,PDF: SPEC46 Roman & Curtain
FB Romans,Cielo,Slate,,B,PDF: SPEC46 Roman & Curtain
FB Romans,Dakar,Pebble,,D,PDF: SPEC46 Roman & Curtain
FB Romans,Dakar,Sandstone,,D,PDF: SPEC46 Roman & Curtain
FB Romans,Flores,Biscuit,,C,PDF: SPEC46 Roman & Curtain
FB Romans,Flores,Mineral,,C,PDF: SPEC46 Roman & Curtain
FB Romans,Flores,Mist,,C,PDF: SPEC46 Roman & Curtain
FB Romans,Flores,Shadow,,C,PDF: SPEC46 Roman & Curtain
FB Romans,Folina,Amethyst,,B,PDF: SPEC46 Roman & Curtain
FB Romans,Folina,Slate,,B,PDF: SPEC46 Roman & Curtain
FB Romans,Haven,Amber,,A,PDF: SPEC46 Roman & Curtain
FB Romans,Haven,Apple,,A,PDF: SPEC46 Roman & Curtain
FB Romans,Haven,Ebony,,A,PDF: SPEC46 Roman & Curtain
FB Romans,Haven,Ice,,A,PDF: SPEC46 Roman & Curtain
FB Romans,Haven,Indigo,,A,PDF: SPEC46 Roman & Curtain
FB Romans,Haven,Lipstick,,A,PDF: SPEC46 Roman & Curtain
FB Romans,Haven,Oyster,,A,PDF: SPEC46 Roman & Curtain
FB Romans,Haven,Platinum,,A,PDF: SPEC46 Roman & Curtain
FB Romans,Haven,Powder,,A,PDF: SPEC46 Roman & Curtain
FB Romans,Haven,Saffron,,A,PDF: SPEC46 Roman & Curtain
FB Romans,Haven,Scarlet,,A,PDF: SPEC46 Roman & Curtain
FB Romans,Haven,Seafoam,,A,PDF: SPEC46 Roman & Curtain
FB Romans,Haven,Sky,,A,PDF: SPEC46 Roman & Curtain
FB Romans,Haven,Slate,,A,PDF: SPEC46 Roman & Curtain
FB Romans,Haven,Thistle,,A,PDF: SPEC46 Roman & Curtain
FB Romans,Haven,Toffee,,A,PDF: SPEC46 Roman & Curtain
FB Romans,Haven,Vanilla,,A,PDF: SPEC46 Roman & Curtain
FB Romans,Jareh+,Oyster,,D,PDF: SPEC46 Roman & Curtain
FB Romans,Kairo,Moon,,C,PDF: SPEC46 Roman & Curtain
FB Romans,Kairo,Peony,,C,PDF: SPEC46 Roman & Curtain
FB Romans,Kairo,Pistachio,,C,PDF: SPEC46 Roman & Curtain
FB Romans,Kairo,Putty,,C,PDF: SPEC46 Roman & Curtain
FB Romans,Kairo,Thistle,,C,PDF: SPEC46 Roman & Curtain
FB Romans,Keates,Moon,,C,PDF: SPEC46 Roman & Curtain
FB Romans,Lemon Grove,Dawn,,D,PDF: SPEC46 Roman & Curtain
FB Romans,Lora,Adore,,D,PDF: SPEC46 Roman & Curtain
FB Romans,Lora,Biscuit,,D,PDF: SPEC46 Roman & Curtain
FB Romans,Lora,Carbon,,D,PDF: SPEC46 Roman & Curtain
FB Romans,Lora,Duck Egg,,D,PDF: SPEC46 Roman & Curtain
FB Romans,Lora,Ivory,,D,PDF: SPEC46 Roman & Curtain
FB Romans,Lora,Lilac,,D,PDF: SPEC46 Roman & Curtain
FB Romans,Lora,Linen,,D,PDF: SPEC46 Roman & Curtain
FB Romans,Lora,Mist,,D,PDF: SPEC46 Roman & Curtain
FB Romans,Lora,Pearl,,D,PDF: SPEC46 Roman & Curtain
FB Romans,Lora,Shine,,D,PDF: SPEC46 Roman & Curtain
FB Romans,Lora,Sky,,D,PDF: SPEC46 Roman & Curtain
FB Romans,Lora,Steel,,D,PDF: SPEC46 Roman & Curtain
FB Romans,Lorcan,Dusk,,C,PDF: SPEC46 Roman & Curtain
FB Romans,Lorcan,Mist,,C,PDF: SPEC46 Roman & Curtain
FB Romans,Lorcan,Oyster,,C,PDF: SPEC46 Roman & Curtain
FB Romans,Lorenzo,Frost,,D,PDF: SPEC46 Roman & Curtain
FB Romans,Lorenzo,Ink,,D,PDF: SPEC46 Roman & Curtain
FB Romans,Lorenzo,Ivory,,D,PDF: SPEC46 Roman & Curtain
FB Romans,Lorenzo,Jade,,D,PDF: SPEC46 Roman & Curtain
FB Romans,Lorenzo,Lemon,,D,PDF: SPEC46 Roman & Curtain
FB Romans,Lorenzo,Linen,,D,PDF: SPEC46 Roman & Curtain
FB Romans,Lorenzo,Mauve,,D,PDF: SPEC46 Roman & Curtain
FB Romans,Lorenzo,Mouse,,D,PDF: SPEC46 Roman & Curtain
FB Romans,Lorenzo,Shell,,D,PDF: SPEC46 Roman & Curtain
FB Romans,Lorenzo,Smoke,,D,PDF: SPEC46 Roman & Curtain
FB Romans,Lorenzo,Terracotta,,D,PDF: SPEC46 Roman & Curtain
FB Romans,Lorenzo,Wheat,,D,PDF: SPEC46 Roman & Curtain
FB Romans,Lovella,Pebble,,C,PDF: SPEC46 Roman & Curtain
FB Romans,Lovella,Red,,C,PDF: SPEC46 Roman & Curtain
FB Romans,Lumi,Champagne,,C,PDF: SPEC46 Roman & Curtain
FB Romans,Lumi,Dove,,C,PDF: SPEC46 Roman & Curtain
FB Romans,Lumi,Mink,,C,PDF: SPEC46 Roman & Curtain
FB Romans,Lumi,Pearl,,C,PDF: SPEC46 Roman & Curtain
FB Romans,Lumi,Pistachio,,C,PDF: SPEC46 Roman & Curtain
FB Romans,Lumi,Rose,,C,PDF: SPEC46 Roman & Curtain
FB Romans,Lumi,Rust,,C,PDF: SPEC46 Roman & Curtain
FB Romans,Lumi,Smoke,,C,PDF: SPEC46 Roman & Curtain
FB Romans,Marble+,Ivory,,D,PDF: SPEC46 Roman & Curtain
FB Romans,Marble+,Tusk,,D,PDF: SPEC46 Roman & Curtain
FB Romans,Memento,Aurora,,C,PDF: SPEC46 Roman & Curtain
FB Romans,Memento,Dawn,,C,PDF: SPEC46 Roman & Curtain
FB Romans,Memento,Dusk,,C,PDF: SPEC46 Roman & Curtain
FB Romans,Mimi,Melba,,D,PDF: SPEC46 Roman & Curtain
FB Romans,Mimi,Satin,,D,PDF: SPEC46 Roman & Curtain
FB Romans,Mulberry,Roast,,C,PDF: SPEC46 Roman & Curtain
FB Romans,Noble,Summer,,D,PDF: SPEC46 Roman & Curtain
FB Romans,Nomad,Fossil,,D,PDF: SPEC46 Roman & Curtain
FB Romans,Nomad,Platinum,,D,PDF: SPEC46 Roman & Curtain
FB Romans,Nomad,Sandstone,,D,PDF: SPEC46 Roman & Curtain
FB Romans,Nomad,Slate,,D,PDF: SPEC46 Roman & Curtain
FB Romans,Ortega,Blush,,C,PDF: SPEC46 Roman & Curtain
FB Romans,Ortega,Cranberry,,C,PDF: SPEC46 Roman & Curtain
FB Romans,Ortega,Hessian,,C,PDF: SPEC46 Roman & Curtain
FB Romans,Ortega,Oyster,,C,PDF: SPEC46 Roman & Curtain
FB Romans,Ortega,Silver,,C,PDF: SPEC46 Roman & Curtain
FB Romans,Ortega,Smoke,,C,PDF: SPEC46 Roman & Curtain
FB Romans,Ortega,Spa,,C,PDF: SPEC46 Roman & Curtain
FB Romans,Pavo,Muscovado,,D,PDF: SPEC46 Roman & Curtain
FB Romans,Pavo,Teal,,D,PDF: SPEC46 Roman & Curtain
FB Romans,Pinnacle,Amaretto,,A,PDF: SPEC46 Roman & Curtain
FB Romans,Pinnacle,Amelia,,A,PDF: SPEC46 Roman & Curtain
FB Romans,Pinnacle,Azure,,A,PDF: SPEC46 Roman & Curtain
FB Romans,Pinnacle,Slate,,A,PDF: SPEC46 Roman & Curtain
FB Romans,Reveal,Halo,,A,PDF: SPEC46 Roman & Curtain
FB Romans,Riva,Berry,,D,PDF: SPEC46 Roman & Curtain
FB Romans,Riva,Energy,,D,PDF: SPEC46 Roman & Curtain
FB Romans,Riva,Graphite,,D,PDF: SPEC46 Roman & Curtain
FB Romans,Riva,Havana,,D,PDF: SPEC46 Roman & Curtain
FB Romans,Riva,Ink,,D,PDF: SPEC46 Roman & Curtain
FB Romans,Riva,Moment,,D,PDF: SPEC46 Roman & Curtain
FB Romans,Rumour,Aqua,,D,PDF: SPEC46 Roman & Curtain
FB Romans,Rumour,Shimmer,,D,PDF: SPEC46 Roman & Curtain
FB Romans,Saskia,Calm,,C,PDF: SPEC46 Roman & Curtain
FB Romans,Saskia,Motion,,C,PDF: SPEC46 Roman & Curtain
FB Romans,Saskia,Shell,,C,PDF: SPEC46 Roman & Curtain
FB Romans,Saskia,Shimmer,,C,PDF: SPEC46 Roman & Curtain
FB Romans,Saskia,Soba,,C,PDF: SPEC46 Roman & Curtain
FB Romans,Saskia,Summer,,C,PDF: SPEC46 Roman & Curtain
FB Romans,Saskia,Tilt,,C,PDF: SPEC46 Roman & Curtain
FB Romans,Saskia,Velour,,C,PDF: SPEC46 Roman & Curtain
FB Romans,Saskia,Warmth,,C,PDF: SPEC46 Roman & Curtain
FB Romans,Saskia,Willow,,C,PDF: SPEC46 Roman & Curtain
FB Romans,Sculpt,Dove,,C,PDF: SPEC46 Roman & Curtain
FB Romans,Sculpt,Duckegg,,C,PDF: SPEC46 Roman & Curtain
FB Romans,Sculpt,Heather,,C,PDF: SPEC46 Roman & Curtain
FB Romans,Sculpt,Linen,,C,PDF: SPEC46 Roman & Curtain
FB Romans,Sculpt,Stone,,C,PDF: SPEC46 Roman & Curtain
FB Romans,Sculpt,Zest,,C,PDF: SPEC46 Roman & Curtain
FB Romans,Serenity,Alpine,,B,PDF: SPEC46 Roman & Curtain
FB Romans,Spire,Mineral,,D,PDF: SPEC46 Roman & Curtain
FB Romans,Spire,Oyster,,D,PDF: SPEC46 Roman & Curtain
FB Romans,Spire,Silver,,D,PDF: SPEC46 Roman & Curtain
FB Romans,Spire,Thistle,,D,PDF: SPEC46 Roman & Curtain
FB Romans,Spire,Wedgewood,,D,PDF: SPEC46 Roman & Curtain
FB Romans,Strata,Pure,,A,PDF: SPEC46 Roman & Curtain
FB Romans,Tivoli,Fawn,,D,PDF: SPEC46 Roman & Curtain
FB Romans,Tivoli,Flax,,D,PDF: SPEC46 Roman & Curtain
FB Romans,Tova,Sicily,,A,PDF: SPEC46 Roman & Curtain
FB Romans,Tova,Tuscany,,A,PDF: SPEC46 Roman & Curtain
FB Romans,Trace,Apple,,A,PDF: SPEC46 Roman & Curtain
FB Romans,Trace,Azure,,A,PDF: SPEC46 Roman & Curtain
FB Romans,Trace,Ebony,,A,PDF: SPEC46 Roman & Curtain
FB Romans,Trace,Latte,,A,PDF: SPEC46 Roman & Curtain
FB Romans,Trace,Oyster,,A,PDF: SPEC46 Roman & Curtain
FB Romans,Trace,Pewter,,A,PDF: SPEC46 Roman & Curtain
FB Romans,Trace,Platinum,,A,PDF: SPEC46 Roman & Curtain
FB Romans,Trace,Rose,,A,PDF: SPEC46 Roman & Curtain
FB Romans,Trace,Silver,,A,PDF: SPEC46 Roman & Curtain
FB Romans,Trace,Sky,,A,PDF: SPEC46 Roman & Curtain
FB Romans,Trace,Slate,,A,PDF: SPEC46 Roman & Curtain
FB Romans,Trace,White,,A,PDF: SPEC46 Roman & Curtain
FB Romans,Treviso,Ecru,,C,PDF: SPEC46 Roman & Curtain
FB Romans,Treviso,Graphite,,C,PDF: SPEC46 Roman & Curtain
FB Romans,Treviso,Pomelo,,C,PDF: SPEC46 Roman & Curtain
FB Romans,Treviso,Shadow,,C,PDF: SPEC46 Roman & Curtain
FB Romans,Verdant,River,,B,PDF: SPEC46 Roman & Curtain
FB Romans,Verdant,Teal,,B,PDF: SPEC46 Roman & Curtain
FB Romans,Verve+,Dusk,,D,PDF: SPEC46 Roman & Curtain
FB Romans,Verve+,Ivory,,D,PDF: SPEC46 Roman & Curtain
FB Romans,Verve+,Steel,,D,PDF: SPEC46 Roman & Curtain
FB Romans,Vibenna,Adore,,B,PDF: SPEC46 Roman & Curtain
FB Romans,Vibenna,Blush,,B,PDF: SPEC46 Roman & Curtain
FB Romans,Vibenna,Wish,,B,PDF: SPEC46 Roman & Curtain
FB Romans,Vibenna,Zest,,B,PDF: SPEC46 Roman & Curtain
FB Romans,Vine,Merlot,,A,PDF: SPEC46 Roman & Curtain
FB Romans,Vine,Olive,,A,PDF: SPEC46 Roman & Curtain
FB Romans,Vine,Sunset,,A,PDF: SPEC46 Roman & Curtain
FB Romans,Vine,Warmth,,A,PDF: SPEC46 Roman & Curtain
FB Romans,Vista,Indigo,,C,PDF: SPEC46 Roman & Curtain
FB Romans,Vista,Rose,,C,PDF: SPEC46 Roman & Curtain
FB Romans,Vista,Smoke,,C,PDF: SPEC46 Roman & Curtain
FB Romans,Wentworth,Ecru,,C,PDF: SPEC46 Roman & Curtain
FB Softcell V-Series,Cellular,Artezen - Snow,,C,PDF: SPEC26 V-Series Softcell
FB Softcell V-Series,Cellular,Astoria - Charcoal,,C,PDF: SPEC26 V-Series Softcell
FB Softcell V-Series,Cellular,Astoria - Cool Grey,,C,PDF: SPEC26 V-Series Softcell
FB Softcell V-Series,Cellular,Astoria - Desert Sand,,C,PDF: SPEC26 V-Series Softcell
FB Softcell V-Series,Cellular,Astoria - Slate,,C,PDF: SPEC26 V-Series Softcell
FB Softcell V-Series,Cellular,Astoria - Stone,,C,PDF: SPEC26 V-Series Softcell
FB Softcell V-Series,Cellular,Blenheim Blockout - Indigo,,D,PDF: SPEC26 V-Series Softcell
FB Softcell V-Series,Cellular,Blenheim Blockout - Lime,,D,PDF: SPEC26 V-Series Softcell
FB Softcell V-Series,Cellular,Blenheim Blockout - Ochre,,D,PDF: SPEC26 V-Series Softcell
FB Softcell V-Series,Cellular,Blenheim Blockout - Rouge,,D,PDF: SPEC26 V-Series Softcell
FB Softcell V-Series,Cellular,Blenheim Blockout - Snowdrop,,D,PDF: SPEC26 V-Series Softcell
FB Softcell V-Series,Cellular,Blenheim Blockout - White Mist,,D,PDF: SPEC26 V-Series Softcell
FB Softcell V-Series,Cellular,Bowery - Anthracite,,C,PDF: SPEC26 V-Series Softcell
FB Softcell V-Series,Cellular,Bowery - Blanc,,C,PDF: SPEC26 V-Series Softcell
FB Softcell V-Series,Cellular,Bowery - Cashmere,,C,PDF: SPEC26 V-Series Softcell
FB Softcell V-Series,Cellular,Bowery - Charcoal,,C,PDF: SPEC26 V-Series Softcell
FB Softcell V-Series,Cellular,Bowery - Mineral,,C,PDF: SPEC26 V-Series Softcell
FB Softcell V-Series,Cellular,Bowery - Pewter,,C,PDF: SPEC26 V-Series Softcell
FB Softcell V-Series,Cellular,Bowery - Smoke,,C,PDF: SPEC26 V-Series Softcell
FB Softcell V-Series,Cellular,Camel - Camel,,B,PDF: SPEC26 V-Series Softcell
FB Softcell V-Series,Cellular,Camel - Grey Dawn,,B,PDF: SPEC26 V-Series Softcell
FB Softcell V-Series,Cellular,Camel - Oatmeal,,B,PDF: SPEC26 V-Series Softcell
FB Softcell V-Series,Cellular,Camel - Stone,,B,PDF: SPEC26 V-Series Softcell
FB Softcell V-Series,Cellular,Camel - Vintage Grey,,B,PDF: SPEC26 V-Series Softcell
FB Softcell V-Series,Cellular,Camel Blockout - Camel,,C,PDF: SPEC26 V-Series Softcell
FB Softcell V-Series,Cellular,Camel Blockout - Grey Dawn,,C,PDF: SPEC26 V-Series Softcell
FB Softcell V-Series,Cellular,Camel Blockout - Oatmeal,,C,PDF: SPEC26 V-Series Softcell
FB Softcell V-Series,Cellular,Camel Blockout - Stone,,C,PDF: SPEC26 V-Series Softcell
FB Softcell V-Series,Cellular,Camel Blockout - Vintage Grey,,C,PDF: SPEC26 V-Series Softcell
FB Softcell V-Series,Cellular,Hudson - Burgundy,,E,PDF: SPEC26 V-Series Softcell
FB Softcell V-Series,Cellular,Hudson - Fawn,,E,PDF: SPEC26 V-Series Softcell
FB Softcell V-Series,Cellular,Hudson - Parchment,,E,PDF: SPEC26 V-Series Softcell
FB Softcell V-Series,Cellular,Hudson - Platinum,,E,PDF: SPEC26 V-Series Softcell
FB Softcell V-Series,Cellular,Hudson - Royal Blue,,E,PDF: SPEC26 V-Series Softcell
FB Softcell V-Series,Cellular,Hudson - Slate,,E,PDF: SPEC26 V-Series Softcell
FB Softcell V-Series,Cellular,Hudson - Snow,,E,PDF: SPEC26 V-Series Softcell
FB Softcell V-Series,Cellular,Hudson - Teal,,E,PDF: SPEC26 V-Series Softcell
FB Softcell V-Series,Cellular,Lexington - Anthracite,,A,PDF: SPEC26 V-Series Softcell
FB Softcell V-Series,Cellular,Lexington - Cream,,A,PDF: SPEC26 V-Series Softcell
FB Softcell V-Series,Cellular,Lexington - Dove Grey,,A,PDF: SPEC26 V-Series Softcell
FB Softcell V-Series,Cellular,Lexington - Grey,,A,PDF: SPEC26 V-Series Softcell
FB Softcell V-Series,Cellular,Lexington - Lagoon,,A,PDF: SPEC26 V-Series Softcell
FB Softcell V-Series,Cellular,Lexington - Neptune,,A,PDF: SPEC26 V-Series Softcell
FB Softcell V-Series,Cellular,Lexington - Onyx,,A,PDF: SPEC26 V-Series Softcell
FB Softcell V-Series,Cellular,Lexington - Orchid,,A,PDF: SPEC26 V-Series Softcell
FB Softcell V-Series,Cellular,Lexington - Saffron,,A,PDF: SPEC26 V-Series Softcell
FB Softcell V-Series,Cellular,Lexington - Sky,,A,PDF: SPEC26 V-Series Softcell
FB Softcell V-Series,Cellular,Lexington - Spring,,A,PDF: SPEC26 V-Series Softcell
FB Softcell V-Series,Cellular,Lexington - Taupe,,A,PDF: SPEC26 V-Series Softcell
FB Softcell V-Series,Cellular,Lexington - Terra,,A,PDF: SPEC26 V-Series Softcell
FB Softcell V-Series,Cellular,Lexington - White,,A,PDF: SPEC26 V-Series Softcell
FB Softcell V-Series,Cellular,Lexington Blockout - Anthracite,,B,PDF: SPEC26 V-Series Softcell
FB Softcell V-Series,Cellular,Lexington Blockout - Cream,,B,PDF: SPEC26 V-Series Softcell
FB Softcell V-Series,Cellular,Lexington Blockout - Dove Grey,,B,PDF: SPEC26 V-Series Softcell
FB Softcell V-Series,Cellular,Lexington Blockout - Grey,,B,PDF: SPEC26 V-Series Softcell
FB Softcell V-Series,Cellular,Lexington Blockout - Lagoon,,B,PDF: SPEC26 V-Series Softcell
FB Softcell V-Series,Cellular,Lexington Blockout - Neptune,,B,PDF: SPEC26 V-Series Softcell
FB Softcell V-Series,Cellular,Lexington Blockout - Onyx,,B,PDF: SPEC26 V-Series Softcell
FB Softcell V-Series,Cellular,Lexington Blockout - Orchid,,B,PDF: SPEC26 V-Series Softcell
FB Softcell V-Series,Cellular,Lexington Blockout - Saffron,,B,PDF: SPEC26 V-Series Softcell
FB Softcell V-Series,Cellular,Lexington Blockout - Sky,,B,PDF: SPEC26 V-Series Softcell
FB Softcell V-Series,Cellular,Lexington Blockout - Spring,,B,PDF: SPEC26 V-Series Softcell
FB Softcell V-Series,Cellular,Lexington Blockout - Taupe,,B,PDF: SPEC26 V-Series Softcell
FB Softcell V-Series,Cellular,Lexington Blockout - Terra,,B,PDF: SPEC26 V-Series Softcell
FB Softcell V-Series,Cellular,Lexington Blockout - White,,B,PDF: SPEC26 V-Series Softcell
FB Softcell V-Series,Cellular,Soho - Barley,,D,PDF: SPEC26 V-Series Softcell
FB Softcell V-Series,Cellular,Soho - Flint,,D,PDF: SPEC26 V-Series Softcell
FB Softcell V-Series,Cellular,Soho - Frosted Steel,,D,PDF: SPEC26 V-Series Softcell
FB Softcell V-Series,Cellular,Soho - Midnight,,D,PDF: SPEC26 V-Series Softcell
FB Softcell V-Series,Cellular,Soho - Oyster,,D,PDF: SPEC26 V-Series Softcell
FB Softcell V-Series,Cellular,Soho - Sandstone,,D,PDF: SPEC26 V-Series Softcell
FB Softcell V-Series,Cellular,Soho - Tribeca,,D,PDF: SPEC26 V-Series Softcell
FB Softcell V-Series,Pleated,Addison - Nera Black,,D,PDF: SPEC26 V-Series Softcell
FB Softcell V-Series,Pleated,Addison - Pearl,,D,PDF: SPEC26 V-Series Softcell
FB Softcell V-Series,Pleated,Addison - Royal Blue,,D,PDF: SPEC26 V-Series Softcell
FB Softcell V-Series,Pleated,Akona - White,,C,PDF: SPEC26 V-Series Softcell
FB Softcell V-Series,Pleated,Aliz - Gris,,B,PDF: SPEC26 V-Series Softcell
FB Softcell V-Series,Pleated,Aliz - Snow,,B,PDF: SPEC26 V-Series Softcell
FB Softcell V-Series,Pleated,Amos - Cotton,,E,PDF: SPEC26 V-Series Softcell
FB Softcell V-Series,Pleated,Arlo - Mandarine,,B,PDF: SPEC26 V-Series Softcell
FB Softcell V-Series,Pleated,Aspinal - Raven,,B,PDF: SPEC26 V-Series Softcell
FB Softcell V-Series,Pleated,Astral - Blush,,B,PDF: SPEC26 V-Series Softcell
FB Softcell V-Series,Pleated,Astral - Haze,,B,PDF: SPEC26 V-Series Softcell
FB Softcell V-Series,Pleated,Astral - Stone,,B,PDF: SPEC26 V-Series Softcell
FB Softcell V-Series,Pleated,Bahama - Soft Grey,,C,PDF: SPEC26 V-Series Softcell
FB Softcell V-Series,Pleated,Bask - Ash,,D,PDF: SPEC26 V-Series Softcell
FB Softcell V-Series,Pleated,Bask - Chalk,,D,PDF: SPEC26 V-Series Softcell
FB Softcell V-Series,Pleated,Bask - Sand,,D,PDF: SPEC26 V-Series Softcell
FB Softcell V-Series,Pleated,Cecily - Parchment,,D,PDF: SPEC26 V-Series Softcell
FB Softcell V-Series,Pleated,Cecily - Slate,,D,PDF: SPEC26 V-Series Softcell
FB Softcell V-Series,Pleated,Equa - Moss,,B,PDF: SPEC26 V-Series Softcell
FB Softcell V-Series,Pleated,Essence - Concrete,,C,PDF: SPEC26 V-Series Softcell
FB Softcell V-Series,Pleated,Essence - Slate,,C,PDF: SPEC26 V-Series Softcell
FB Softcell V-Series,Pleated,Evissa - Lilac,,C,PDF: SPEC26 V-Series Softcell
FB Softcell V-Series,Pleated,Evissa - Orchid Pink,,C,PDF: SPEC26 V-Series Softcell
FB Softcell V-Series,Pleated,Evissa - Pacific,,C,PDF: SPEC26 V-Series Softcell
FB Softcell V-Series,Pleated,Fusion - Onyx,,B,PDF: SPEC26 V-Series Softcell
FB Softcell V-Series,Pleated,Glantus - Kiwi,,A,PDF: SPEC26 V-Series Softcell
FB Softcell V-Series,Pleated,Hamilton - Bamboo,,C,PDF: SPEC26 V-Series Softcell
FB Softcell V-Series,Pleated,Hamilton - Black,,C,PDF: SPEC26 V-Series Softcell
FB Softcell V-Series,Pleated,Hamilton - Graphite,,C,PDF: SPEC26 V-Series Softcell
FB Softcell V-Series,Pleated,Hamilton - White Mist,,C,PDF: SPEC26 V-Series Softcell
FB Softcell V-Series,Pleated,Hovia - Ink Blue,,C,PDF: SPEC26 V-Series Softcell
FB Softcell V-Series,Pleated,Hypno - Almond,,B,PDF: SPEC26 V-Series Softcell
FB Softcell V-Series,Pleated,Hypno - Coffee,,B,PDF: SPEC26 V-Series Softcell
FB Softcell V-Series,Pleated,Hypno - Linen,,B,PDF: SPEC26 V-Series Softcell
FB Softcell V-Series,Pleated,Hypno - Mint,,B,PDF: SPEC26 V-Series Softcell
FB Softcell V-Series,Pleated,Hypno - Red,,B,PDF: SPEC26 V-Series Softcell
FB Softcell V-Series,Pleated,Hypno - Rose,,B,PDF: SPEC26 V-Series Softcell
FB Softcell V-Series,Pleated,Hypno - Silver,,B,PDF: SPEC26 V-Series Softcell
FB Softcell V-Series,Pleated,Hypno - Yellow,,B,PDF: SPEC26 V-Series Softcell
FB Softcell V-Series,Pleated,Kana - Amethyst,,A,PDF: SPEC26 V-Series Softcell
FB Softcell V-Series,Pleated,Kana - Chocolate,,A,PDF: SPEC26 V-Series Softcell
FB Softcell V-Series,Pleated,Kana - Merlot,,A,PDF: SPEC26 V-Series Softcell
FB Softcell V-Series,Pleated,Kana - Navy Blue,,A,PDF: SPEC26 V-Series Softcell
FB Softcell V-Series,Pleated,Kana - Obsidian Black,,A,PDF: SPEC26 V-Series Softcell
FB Softcell V-Series,Pleated,Kana - Perla White,,A,PDF: SPEC26 V-Series Softcell
FB Softcell V-Series,Pleated,Kana - Terra,,A,PDF: SPEC26 V-Series Softcell
FB Softcell V-Series,Pleated,Kimora - Cumulus White,,C,PDF: SPEC26 V-Series Softcell
FB Softcell V-Series,Pleated,Loxton - Champagne,,B,PDF: SPEC26 V-Series Softcell
FB Softcell V-Series,Pleated,Loxton - Charcoal,,B,PDF: SPEC26 V-Series Softcell
FB Softcell V-Series,Pleated,Loxton - Titanium,,B,PDF: SPEC26 V-Series Softcell
FB Softcell V-Series,Pleated,Luqa - Lemon,,C,PDF: SPEC26 V-Series Softcell
FB Softcell V-Series,Pleated,Luqa - Nut,,C,PDF: SPEC26 V-Series Softcell
FB Softcell V-Series,Pleated,Mako - Tranquil,,C,PDF: SPEC26 V-Series Softcell
FB Softcell V-Series,Pleated,Mako - White Cotton,,C,PDF: SPEC26 V-Series Softcell
FB Softcell V-Series,Pleated,Mirabella - Concrete Grey,,B,PDF: SPEC26 V-Series Softcell
FB Softcell V-Series,Pleated,Mirabella - Coral,,B,PDF: SPEC26 V-Series Softcell
FB Softcell V-Series,Pleated,Mirabella - Marble,,B,PDF: SPEC26 V-Series Softcell
FB Softcell V-Series,Pleated,Mirabella - Mint,,B,PDF: SPEC26 V-Series Softcell
FB Softcell V-Series,Pleated,Mirabella - Perla Black,,B,PDF: SPEC26 V-Series Softcell
FB Softcell V-Series,Pleated,Mirabella - Plum,,B,PDF: SPEC26 V-Series Softcell
FB Softcell V-Series,Pleated,Mirabella - Vanilla,,B,PDF: SPEC26 V-Series Softcell
FB Softcell V-Series,Pleated,Mirari - Chiffon,,B,PDF: SPEC26 V-Series Softcell
FB Softcell V-Series,Pleated,Mythic - Coral,,B,PDF: SPEC26 V-Series Softcell
FB Softcell V-Series,Pleated,Mythic - Ecru,,B,PDF: SPEC26 V-Series Softcell
FB Softcell V-Series,Pleated,Mythic - Snow Drift,,B,PDF: SPEC26 V-Series Softcell
FB Softcell V-Series,Pleated,Noto - Sky,,C,PDF: SPEC26 V-Series Softcell
FB Softcell V-Series,Pleated,Noto - Surf,,C,PDF: SPEC26 V-Series Softcell
FB Softcell V-Series,Pleated,Nouveau - Frosted Grey,,A,PDF: SPEC26 V-Series Softcell
FB Softcell V-Series,Pleated,Nouveau - Grey Mist,,A,PDF: SPEC26 V-Series Softcell
FB Softcell V-Series,Pleated,Oketo - Lagoon,,B,PDF: SPEC26 V-Series Softcell
FB Softcell V-Series,Pleated,Oketo - Mineral,,B,PDF: SPEC26 V-Series Softcell
FB Softcell V-Series,Pleated,Paradise - Pure Satin,,B,PDF: SPEC26 V-Series Softcell
FB Softcell V-Series,Pleated,Paradise - Scandi,,B,PDF: SPEC26 V-Series Softcell
FB Softcell V-Series,Pleated,Scandi - Charcoal,,A,PDF: SPEC26 V-Series Softcell
FB Softcell V-Series,Pleated,Scandi - Khol,,A,PDF: SPEC26 V-Series Softcell
FB Softcell V-Series,Pleated,Scandi - Olive,,A,PDF: SPEC26 V-Series Softcell
FB Softcell V-Series,Pleated,Scandi - Teal,,A,PDF: SPEC26 V-Series Softcell
FB Softcell V-Series,Pleated,Scandi - White Linen,,A,PDF: SPEC26 V-Series Softcell
FB Softcell V-Series,Pleated,Sylvan - Beige,,C,PDF: SPEC26 V-Series Softcell
FB Softcell V-Series,Pleated,Sylvan - Grey,,C,PDF: SPEC26 V-Series Softcell
FB Softcell V-Series,Pleated,Talia - Brown,,C,PDF: SPEC26 V-Series Softcell
FB Softcell V-Series,Pleated,Talia - Gris,,C,PDF: SPEC26 V-Series Softcell
FB Softcell V-Series,Pleated,Tropez - Mulberry,,E,PDF: SPEC26 V-Series Softcell
FB Softcell V-Series,Pleated,Tropez - Polar White,,E,PDF: SPEC26 V-Series Softcell
FB Softcell V-Series,Pleated,Vista - Canary,,C,PDF: SPEC26 V-Series Softcell
FB Softcell V-Series,Pleated,Xyla - Rose,,B,PDF: SPEC26 V-Series Softcell
Fauxwood,Fauxwood,Abyss,,C,Datasets/50mmFauxwood.csv (CDFWT50)
Fauxwood,Fauxwood,Amber,,B,Datasets/50mmFauxwood.csv (CDFWT50)
Fauxwood,Fauxwood,Arctic Oak,,B,Datasets/50mmFauxwood.csv (CDFWT50)
Fauxwood,Fauxwood,Aura,,C,Datasets/50mmFauxwood.csv (CDFWT50)
Fauxwood,Fauxwood,Chroma,,C,Datasets/50mmFauxwood.csv (CDFWT50)
Fauxwood,Fauxwood,Desert Oak,,B,Datasets/50mmFauxwood.csv (CDFWT50)
Fauxwood,Fauxwood,Linara,,A,Datasets/50mmFauxwood.csv (CDFWT50)
Fauxwood,Fauxwood,Linara Fine Grain,,A,Datasets/50mmFauxwood.csv (CDFWT50)
Fauxwood,Fauxwood,Lunar Oak,,B,Datasets/50mmFauxwood.csv (CDFWT50)
Fauxwood,Fauxwood,Mirage,,A,Datasets/50mmFauxwood.csv (CDFWT50)
Fauxwood,Fauxwood,Mirage Fine Grain,,A,Datasets/50mmFauxwood.csv (CDFWT50)
Fauxwood,Fauxwood,Mission,,B,Datasets/50mmFauxwood.csv (CDFWT50)
Fauxwood,Fauxwood,Mission Fine Grain,,B,Datasets/50mmFauxwood.csv (CDFWT50)
Fauxwood,Fauxwood,Orion,,B,Datasets/50mmFauxwood.csv (CDFWT50)
Fauxwood,Fauxwood,Orion Fine Grain,,B,Datasets/50mmFauxwood.csv (CDFWT50)
Fauxwood,Fauxwood,Scandi Oak,,B,Datasets/50mmFauxwood.csv (CDFWT50)
Fauxwood,Fauxwood,Serene,,A,Datasets/50mmFauxwood.csv (CDFWT50)
Fauxwood,Fauxwood,Serene Fine Grain,,A,Datasets/50mmFauxwood.csv (CDFWT50)
Fauxwood,Fauxwood,True,,A,Datasets/50mmFauxwood.csv (CDFWT50)
Fauxwood,Fauxwood,True Fine Grain,,A,Datasets/50mmFauxwood.csv (CDFWT50)
Nuvo Romans,Nuvo Roman/Curtain fabrics,Cicely - Dove,,A,PDF: SPEC12 Nuvo Roman & Curtains
Nuvo Romans,Nuvo Roman/Curtain fabrics,Cicely - Mist,,A,PDF: SPEC12 Nuvo Roman & Curtains
Nuvo Romans,Nuvo Roman/Curtain fabrics,Cicely - Mystery,,A,PDF: SPEC12 Nuvo Roman & Curtains
Nuvo Romans,Nuvo Roman/Curtain fabrics,Cicely - Petal,,A,PDF: SPEC12 Nuvo Roman & Curtains
Nuvo Romans,Nuvo Roman/Curtain fabrics,Cicely - Retro,,A,PDF: SPEC12 Nuvo Roman & Curtains
Nuvo Romans,Nuvo Roman/Curtain fabrics,Cicely - Sage,,A,PDF: SPEC12 Nuvo Roman & Curtains
Nuvo Romans,Nuvo Roman/Curtain fabrics,Cicely - Stone,,A,PDF: SPEC12 Nuvo Roman & Curtains
Nuvo Romans,Nuvo Roman/Curtain fabrics,Cicely - Whisper,,A,PDF: SPEC12 Nuvo Roman & Curtains
Nuvo Romans,Nuvo Roman/Curtain fabrics,Harper - Haze,,B,PDF: SPEC12 Nuvo Roman & Curtains
Nuvo Romans,Nuvo Roman/Curtain fabrics,Harper - Mist,,B,PDF: SPEC12 Nuvo Roman & Curtains
Nuvo Romans,Nuvo Roman/Curtain fabrics,Harper - Pearl,,B,PDF: SPEC12 Nuvo Roman & Curtains
Nuvo Romans,Nuvo Roman/Curtain fabrics,Harper - Rock,,B,PDF: SPEC12 Nuvo Roman & Curtains
Nuvo Romans,Nuvo Roman/Curtain fabrics,Harper - Whisper,,B,PDF: SPEC12 Nuvo Roman & Curtains
Nuvo Romans,Nuvo Roman/Curtain fabrics,Hartley - Ash,,B,PDF: SPEC12 Nuvo Roman & Curtains
Nuvo Romans,Nuvo Roman/Curtain fabrics,Hartley - Denim,,B,PDF: SPEC12 Nuvo Roman & Curtains
Nuvo Romans,Nuvo Roman/Curtain fabrics,Hartley - Graphite,,B,PDF: SPEC12 Nuvo Roman & Curtains
Nuvo Romans,Nuvo Roman/Curtain fabrics,Hartley - Pearl,,B,PDF: SPEC12 Nuvo Roman & Curtains
Nuvo Romans,Nuvo Roman/Curtain fabrics,Hartley - Stone,,B,PDF: SPEC12 Nuvo Roman & Curtains
Nuvo Romans,Nuvo Roman/Curtain fabrics,Hartley - Taupe,,B,PDF: SPEC12 Nuvo Roman & Curtains
Nuvo Romans,Nuvo Roman/Curtain fabrics,Juno - Blush,,B,PDF: SPEC12 Nuvo Roman & Curtains
Nuvo Romans,Nuvo Roman/Curtain fabrics,Juno - Denim,,B,PDF: SPEC12 Nuvo Roman & Curtains
Nuvo Romans,Nuvo Roman/Curtain fabrics,Juno - Harbour,,B,PDF: SPEC12 Nuvo Roman & Curtains
Nuvo Romans,Nuvo Roman/Curtain fabrics,Juno - Husk,,B,PDF: SPEC12 Nuvo Roman & Curtains
Nuvo Romans,Nuvo Roman/Curtain fabrics,Juno - Mystery,,B,PDF: SPEC12 Nuvo Roman & Curtains
Nuvo Romans,Nuvo Roman/Curtain fabrics,Juno - Whisper,,B,PDF: SPEC12 Nuvo Roman & Curtains
Nuvo Romans,Nuvo Roman/Curtain fabrics,Juno - Willow,,B,PDF: SPEC12 Nuvo Roman & Curtains
Nuvo Romans,Nuvo Roman/Curtain fabrics,Kali - Fern,,B,PDF: SPEC12 Nuvo Roman & Curtains
Nuvo Romans,Nuvo Roman/Curtain fabrics,Kali - Marine,,B,PDF: SPEC12 Nuvo Roman & Curtains
Nuvo Romans,Nuvo Roman/Curtain fabrics,Kali - Pastel,,B,PDF: SPEC12 Nuvo Roman & Curtains
Nuvo Romans,Nuvo Roman/Curtain fabrics,Kali - Sand,,B,PDF: SPEC12 Nuvo Roman & Curtains
Nuvo Romans,Nuvo Roman/Curtain fabrics,Kali - Shadow,,B,PDF: SPEC12 Nuvo Roman & Curtains
Nuvo Romans,Nuvo Roman/Curtain fabrics,Kali - Sky,,B,PDF: SPEC12 Nuvo Roman & Curtains
Nuvo Romans,Nuvo Roman/Curtain fabrics,Kali - Stone,,B,PDF: SPEC12 Nuvo Roman & Curtains
Nuvo Romans,Nuvo Roman/Curtain fabrics,Kali - Summer,,B,PDF: SPEC12 Nuvo Roman & Curtains
Nuvo Romans,Nuvo Roman/Curtain fabrics,Lyrical - Cloud,,A,PDF: SPEC12 Nuvo Roman & Curtains
Nuvo Romans,Nuvo Roman/Curtain fabrics,Lyrical - Pure,,A,PDF: SPEC12 Nuvo Roman & Curtains
Nuvo Romans,Nuvo Roman/Curtain fabrics,Melody - Vivid,,B,PDF: SPEC12 Nuvo Roman & Curtains
Nuvo Romans,Nuvo Roman/Curtain fabrics,Oxley - Amber,,A,PDF: SPEC12 Nuvo Roman & Curtains
Nuvo Romans,Nuvo Roman/Curtain fabrics,Oxley - Atlantic,,A,PDF: SPEC12 Nuvo Roman & Curtains
Nuvo Romans,Nuvo Roman/Curtain fabrics,Oxley - Oyster,,A,PDF: SPEC12 Nuvo Roman & Curtains
Nuvo Romans,Nuvo Roman/Curtain fabrics,Oxley - Pebble,,A,PDF: SPEC12 Nuvo Roman & Curtains
Nuvo Romans,Nuvo Roman/Curtain fabrics,Oxley - Saffron,,A,PDF: SPEC12 Nuvo Roman & Curtains
Nuvo Romans,Nuvo Roman/Curtain fabrics,Oxley - Shadow,,A,PDF: SPEC12 Nuvo Roman & Curtains
Nuvo Romans,Nuvo Roman/Curtain fabrics,Oxley - Teal,,A,PDF: SPEC12 Nuvo Roman & Curtains
Nuvo Romans,Nuvo Roman/Curtain fabrics,Oxley - Terazzo,,A,PDF: SPEC12 Nuvo Roman & Curtains
Nuvo Romans,Nuvo Roman/Curtain fabrics,Tallo - Cloud,,B,PDF: SPEC12 Nuvo Roman & Curtains
Nuvo Romans,Nuvo Roman/Curtain fabrics,Tallo - Dream,,B,PDF: SPEC12 Nuvo Roman & Curtains
Nuvo Romans,Nuvo Roman/Curtain fabrics,Tallo - Frost,,B,PDF: SPEC12 Nuvo Roman & Curtains
Nuvo Romans,Nuvo Roman/Curtain fabrics,Tallo - Sky,,B,PDF: SPEC12 Nuvo Roman & Curtains
Nuvo Romans,Nuvo Roman/Curtain fabrics,Tallo - Steel,,B,PDF: SPEC12 Nuvo Roman & Curtains
Perfect Fit Alumitex,25mm Slat,9401,,B,Datasets/PerfectFitAluminium.csv (PFV25)
Perfect Fit Alumitex,25mm Slat,9403,,B,Datasets/PerfectFitAluminium.csv (PFV25)
Perfect Fit Alumitex,25mm Slat,9404,,B,Datasets/PerfectFitAluminium.csv (PFV25)
Perfect Fit Alumitex,25mm Slat,9405,,B,Datasets/PerfectFitAluminium.csv (PFV25)
Perfect Fit Alumitex,25mm Slat,9406,,B,Datasets/PerfectFitAluminium.csv (PFV25)
Perfect Fit Alumitex,25mm Slat,9407,,B,Datasets/PerfectFitAluminium.csv (PFV25)
Perfect Fit Alumitex,25mm Slat,9408,,B,Datasets/PerfectFitAluminium.csv (PFV25)
Perfect Fit Alumitex,25mm Slat,9409,,B,Datasets/PerfectFitAluminium.csv (PFV25)
Perfect Fit Alumitex,25mm Slat,9410,,B,Datasets/PerfectFitAluminium.csv (PFV25)
Perfect Fit Alumitex,25mm Slat,9411,,B,Datasets/PerfectFitAluminium.csv (PFV25)
Perfect Fit Alumitex,25mm Slat,9412,,B,Datasets/PerfectFitAluminium.csv (PFV25)
Perfect Fit Alumitex,25mm Slat,Aluminium,,A,Datasets/PerfectFitAluminium.csv (PFV25)
Perfect Fit Alumitex,25mm Slat,Anthracite,,A,Datasets/PerfectFitAluminium.csv (PFV25)
Perfect Fit Alumitex,25mm Slat,Apache,,A,Datasets/PerfectFitAluminium.csv (PFV25)
Perfect Fit Alumitex,25mm Slat,Aqua,,A,Datasets/PerfectFitAluminium.csv (PFV25)
Perfect Fit Alumitex,25mm Slat,Armada,,B,Datasets/PerfectFitAluminium.csv (PFV25)
Perfect Fit Alumitex,25mm Slat,Atmosphere,,A,Datasets/PerfectFitAluminium.csv (PFV25)
Perfect Fit Alumitex,25mm Slat,Atomic,,A,Datasets/PerfectFitAluminium.csv (PFV25)
Perfect Fit Alumitex,25mm Slat,Beige,,A,Datasets/PerfectFitAluminium.csv (PFV25)
Perfect Fit Alumitex,25mm Slat,Beryl,,B,Datasets/PerfectFitAluminium.csv (PFV25)
Perfect Fit Alumitex,25mm Slat,Black,,A,Datasets/PerfectFitAluminium.csv (PFV25)
Perfect Fit Alumitex,25mm Slat,Bondi,,B,Datasets/PerfectFitAluminium.csv (PFV25)
Perfect Fit Alumitex,25mm Slat,Boutique,,A,Datasets/PerfectFitAluminium.csv (PFV25)
Perfect Fit Alumitex,25mm Slat,Brushed Alu,,B,Datasets/PerfectFitAluminium.csv (PFV25)
Perfect Fit Alumitex,25mm Slat,Brushed Linen,,B,Datasets/PerfectFitAluminium.csv (PFV25)
Perfect Fit Alumitex,25mm Slat,Brushed Sand,,B,Datasets/PerfectFitAluminium.csv (PFV25)
Perfect Fit Alumitex,25mm Slat,Candyfloss,,A,Datasets/PerfectFitAluminium.csv (PFV25)
Perfect Fit Alumitex,25mm Slat,Canton,,B,Datasets/PerfectFitAluminium.csv (PFV25)
Perfect Fit Alumitex,25mm Slat,Cerise,,B,Datasets/PerfectFitAluminium.csv (PFV25)
Perfect Fit Alumitex,25mm Slat,Citrine,,A,Datasets/PerfectFitAluminium.csv (PFV25)
Perfect Fit Alumitex,25mm Slat,Clarity,,A,Datasets/PerfectFitAluminium.csv (PFV25)
Perfect Fit Alumitex,25mm Slat,Cool Grey,,A,Datasets/PerfectFitAluminium.csv (PFV25)
Perfect Fit Alumitex,25mm Slat,Coral,,A,Datasets/PerfectFitAluminium.csv (PFV25)
Perfect Fit Alumitex,25mm Slat,Cream,,A,Datasets/PerfectFitAluminium.csv (PFV25)
Perfect Fit Alumitex,25mm Slat,Drama,,B,Datasets/PerfectFitAluminium.csv (PFV25)
Perfect Fit Alumitex,25mm Slat,Dream,,A,Datasets/PerfectFitAluminium.csv (PFV25)
Perfect Fit Alumitex,25mm Slat,Ebon,,B,Datasets/PerfectFitAluminium.csv (PFV25)
Perfect Fit Alumitex,25mm Slat,Echo,,B,Datasets/PerfectFitAluminium.csv (PFV25)
Perfect Fit Alumitex,25mm Slat,Electra Blue,,A,Datasets/PerfectFitAluminium.csv (PFV25)
Perfect Fit Alumitex,25mm Slat,Electra Gold,,A,Datasets/PerfectFitAluminium.csv (PFV25)
Perfect Fit Alumitex,25mm Slat,Emerald,,A,Datasets/PerfectFitAluminium.csv (PFV25)
Perfect Fit Alumitex,25mm Slat,Energy,,B,Datasets/PerfectFitAluminium.csv (PFV25)
Perfect Fit Alumitex,25mm Slat,Estrella Abyss,,B,Datasets/PerfectFitAluminium.csv (PFV25)
Perfect Fit Alumitex,25mm Slat,Estrella Axis,,B,Datasets/PerfectFitAluminium.csv (PFV25)
Perfect Fit Alumitex,25mm Slat,Estrella Lyra,,B,Datasets/PerfectFitAluminium.csv (PFV25)
Perfect Fit Alumitex,25mm Slat,Filtra Alu,,B,Datasets/PerfectFitAluminium.csv (PFV25)
Perfect Fit Alumitex,25mm Slat,Filtra Black,,B,Datasets/PerfectFitAluminium.csv (PFV25)
Perfect Fit Alumitex,25mm Slat,Filtra Cream,,B,Datasets/PerfectFitAluminium.csv (PFV25)
Perfect Fit Alumitex,25mm Slat,Filtra Grey,,B,Datasets/PerfectFitAluminium.csv (PFV25)
Perfect Fit Alumitex,25mm Slat,Filtra Steel,,B,Datasets/PerfectFitAluminium.csv (PFV25)
Perfect Fit Alumitex,25mm Slat,Filtra White,,B,Datasets/PerfectFitAluminium.csv (PFV25)
Perfect Fit Alumitex,25mm Slat,Flame,,A,Datasets/PerfectFitAluminium.csv (PFV25)
Perfect Fit Alumitex,25mm Slat,Flint,,B,Datasets/PerfectFitAluminium.csv (PFV25)
Perfect Fit Alumitex,25mm Slat,Galleria,,B,Datasets/PerfectFitAluminium.csv (PFV25)
Perfect Fit Alumitex,25mm Slat,Glam,,A,Datasets/PerfectFitAluminium.csv (PFV25)
Perfect Fit Alumitex,25mm Slat,Gloss,,A,Datasets/PerfectFitAluminium.csv (PFV25)
Perfect Fit Alumitex,25mm Slat,Glow,,A,Datasets/PerfectFitAluminium.csv (PFV25)
Perfect Fit Alumitex,25mm Slat,Graphite,,A,Datasets/PerfectFitAluminium.csv (PFV25)
Perfect Fit Alumitex,25mm Slat,Gravel,,A,Datasets/PerfectFitAluminium.csv (PFV25)
Perfect Fit Alumitex,25mm Slat,Hunter,,A,Datasets/PerfectFitAluminium.csv (PFV25)
Perfect Fit Alumitex,25mm Slat,Ivory,,A,Datasets/PerfectFitAluminium.csv (PFV25)
Perfect Fit Alumitex,25mm Slat,Jazz,,A,Datasets/PerfectFitAluminium.csv (PFV25)
Perfect Fit Alumitex,25mm Slat,Latino,,A,Datasets/PerfectFitAluminium.csv (PFV25)
Perfect Fit Alumitex,25mm Slat,Lilac,,A,Datasets/PerfectFitAluminium.csv (PFV25)
Perfect Fit Alumitex,25mm Slat,Litra Coca,,B,Datasets/PerfectFitAluminium.csv (PFV25)
Perfect Fit Alumitex,25mm Slat,Litra Fawn,,B,Datasets/PerfectFitAluminium.csv (PFV25)
Perfect Fit Alumitex,25mm Slat,Litra Putty,,B,Datasets/PerfectFitAluminium.csv (PFV25)
Perfect Fit Alumitex,25mm Slat,Lusso,,A,Datasets/PerfectFitAluminium.csv (PFV25)
Perfect Fit Alumitex,25mm Slat,Luster,,A,Datasets/PerfectFitAluminium.csv (PFV25)
Perfect Fit Alumitex,25mm Slat,Lyra,,B,Datasets/PerfectFitAluminium.csv (PFV25)
Perfect Fit Alumitex,25mm Slat,Majestic,,B,Datasets/PerfectFitAluminium.csv (PFV25)
Perfect Fit Alumitex,25mm Slat,Matt,,A,Datasets/PerfectFitAluminium.csv (PFV25)
Perfect Fit Alumitex,25mm Slat,Melodi,,A,Datasets/PerfectFitAluminium.csv (PFV25)
Perfect Fit Alumitex,25mm Slat,Merle,,A,Datasets/PerfectFitAluminium.csv (PFV25)
Perfect Fit Alumitex,25mm Slat,Mink,,A,Datasets/PerfectFitAluminium.csv (PFV25)
Perfect Fit Alumitex,25mm Slat,Mintz,,A,Datasets/PerfectFitAluminium.csv (PFV25)
Perfect Fit Alumitex,25mm Slat,Mirano,,A,Datasets/PerfectFitAluminium.csv (PFV25)
Perfect Fit Alumitex,25mm Slat,Mocca,,A,Datasets/PerfectFitAluminium.csv (PFV25)
Perfect Fit Alumitex,25mm Slat,Mono Biscuit,,B,Datasets/PerfectFitAluminium.csv (PFV25)
Perfect Fit Alumitex,25mm Slat,Mono Mud,,B,Datasets/PerfectFitAluminium.csv (PFV25)
Perfect Fit Alumitex,25mm Slat,Mono Naco,,B,Datasets/PerfectFitAluminium.csv (PFV25)
Perfect Fit Alumitex,25mm Slat,Mono Truffle,,B,Datasets/PerfectFitAluminium.csv (PFV25)
Perfect Fit Alumitex,25mm Slat,Navy,,A,Datasets/PerfectFitAluminium.csv (PFV25)
Perfect Fit Alumitex,25mm Slat,Nomad,,B,Datasets/PerfectFitAluminium.csv (PFV25)
Perfect Fit Alumitex,25mm Slat,Novella,,A,Datasets/PerfectFitAluminium.csv (PFV25)
Perfect Fit Alumitex,25mm Slat,Ocean,,A,Datasets/PerfectFitAluminium.csv (PFV25)
Perfect Fit Alumitex,25mm Slat,Onyx,,B,Datasets/PerfectFitAluminium.csv (PFV25)
Perfect Fit Alumitex,25mm Slat,Opal,,B,Datasets/PerfectFitAluminium.csv (PFV25)
Perfect Fit Alumitex,25mm Slat,Orion,,A,Datasets/PerfectFitAluminium.csv (PFV25)
Perfect Fit Alumitex,25mm Slat,Pasadena,,A,Datasets/PerfectFitAluminium.csv (PFV25)
Perfect Fit Alumitex,25mm Slat,Pastel Blue,,A,Datasets/PerfectFitAluminium.csv (PFV25)
Perfect Fit Alumitex,25mm Slat,Pearl,,B,Datasets/PerfectFitAluminium.csv (PFV25)
Perfect Fit Alumitex,25mm Slat,Persia,,A,Datasets/PerfectFitAluminium.csv (PFV25)
Perfect Fit Alumitex,25mm Slat,Pistachio,,B,Datasets/PerfectFitAluminium.csv (PFV25)
Perfect Fit Alumitex,25mm Slat,Porcelain,,A,Datasets/PerfectFitAluminium.csv (PFV25)
Perfect Fit Alumitex,25mm Slat,Powder Green,,A,Datasets/PerfectFitAluminium.csv (PFV25)
Perfect Fit Alumitex,25mm Slat,Primary Red,,A,Datasets/PerfectFitAluminium.csv (PFV25)
Perfect Fit Alumitex,25mm Slat,Pulse,,A,Datasets/PerfectFitAluminium.csv (PFV25)
Perfect Fit Alumitex,25mm Slat,Quartz Blue,,B,Datasets/PerfectFitAluminium.csv (PFV25)
Perfect Fit Alumitex,25mm Slat,Quartz Red,,B,Datasets/PerfectFitAluminium.csv (PFV25)
Perfect Fit Alumitex,25mm Slat,Rapture Glisten,,B,Datasets/PerfectFitAluminium.csv (PFV25)
Perfect Fit Alumitex,25mm Slat,Rapture Rebel,,B,Datasets/PerfectFitAluminium.csv (PFV25)
Perfect Fit Alumitex,25mm Slat,Rapture Sonic,,B,Datasets/PerfectFitAluminium.csv (PFV25)
Perfect Fit Alumitex,25mm Slat,Reef,,A,Datasets/PerfectFitAluminium.csv (PFV25)
Perfect Fit Alumitex,25mm Slat,Shadow Grey,,A,Datasets/PerfectFitAluminium.csv (PFV25)
Perfect Fit Alumitex,25mm Slat,Shelby,,A,Datasets/PerfectFitAluminium.csv (PFV25)
Perfect Fit Alumitex,25mm Slat,Sky,,A,Datasets/PerfectFitAluminium.csv (PFV25)
Perfect Fit Alumitex,25mm Slat,Sonar,,A,Datasets/PerfectFitAluminium.csv (PFV25)
Perfect Fit Alumitex,25mm Slat,Soul,,A,Datasets/PerfectFitAluminium.csv (PFV25)
Perfect Fit Alumitex,25mm Slat,Spirit,,B,Datasets/PerfectFitAluminium.csv (PFV25)
Perfect Fit Alumitex,25mm Slat,Tahiti,,B,Datasets/PerfectFitAluminium.csv (PFV25)
Perfect Fit Alumitex,25mm Slat,Titanium,,A,Datasets/PerfectFitAluminium.csv (PFV25)
Perfect Fit Alumitex,25mm Slat,Tropic,,B,Datasets/PerfectFitAluminium.csv (PFV25)
Perfect Fit Alumitex,25mm Slat,Truth,,A,Datasets/PerfectFitAluminium.csv (PFV25)
Perfect Fit Alumitex,25mm Slat,Umbra,,B,Datasets/PerfectFitAluminium.csv (PFV25)
Perfect Fit Alumitex,25mm Slat,Vanilla,,A,Datasets/PerfectFitAluminium.csv (PFV25)
Perfect Fit Alumitex,25mm Slat,Vapour,,A,Datasets/PerfectFitAluminium.csv (PFV25)
Perfect Fit Alumitex,25mm Slat,Vela,,A,Datasets/PerfectFitAluminium.csv (PFV25)
Perfect Fit Alumitex,25mm Slat,Vibe Cool Blue,,B,Datasets/PerfectFitAluminium.csv (PFV25)
Perfect Fit Alumitex,25mm Slat,Vibe Grey,,B,Datasets/PerfectFitAluminium.csv (PFV25)
Perfect Fit Alumitex,25mm Slat,Vibe Nude,,B,Datasets/PerfectFitAluminium.csv (PFV25)
Perfect Fit Alumitex,25mm Slat,Vibe Silver,,B,Datasets/PerfectFitAluminium.csv (PFV25)
Perfect Fit Alumitex,25mm Slat,Vibe Trance,,B,Datasets/PerfectFitAluminium.csv (PFV25)
Perfect Fit Alumitex,25mm Slat,Vibe Yellow,,B,Datasets/PerfectFitAluminium.csv (PFV25)
Perfect Fit Alumitex,25mm Slat,Vitale,,A,Datasets/PerfectFitAluminium.csv (PFV25)
Perfect Fit Alumitex,25mm Slat,Yellow,,A,Datasets/PerfectFitAluminium.csv (PFV25)
Perfect Fit Alumitex,25mm Slat,Zephyr,,A,Datasets/PerfectFitAluminium.csv (PFV25)
Perfect Fit Alumitex,25mm Slat,Zircon,,A,Datasets/PerfectFitAluminium.csv (PFV25)
Perfect Fit Alumitex,25mm Slat,Zora Barley,,B,Datasets/PerfectFitAluminium.csv (PFV25)
Perfect Fit Alumitex,25mm Slat,Zora Coco,,B,Datasets/PerfectFitAluminium.csv (PFV25)
Perfect Fit Alumitex,25mm Slat,Zora Haze,,B,Datasets/PerfectFitAluminium.csv (PFV25)
Perfect Fit Sunwood ,Perfect Fit Sunwood,Ash,,A,Datasets/PerfectFitSunwood.csv (PFSW25)
Perfect Fit Sunwood ,Perfect Fit Sunwood,Auburn,,A,Datasets/PerfectFitSunwood.csv (PFSW25)
Perfect Fit Sunwood ,Perfect Fit Sunwood,Carbon,,A,Datasets/PerfectFitSunwood.csv (PFSW25)
Perfect Fit Sunwood ,Perfect Fit Sunwood,Hazel,,A,Datasets/PerfectFitSunwood.csv (PFSW25)
Perfect Fit Sunwood ,Perfect Fit Sunwood,Honey,,A,Datasets/PerfectFitSunwood.csv (PFSW25)
Perfect Fit Sunwood ,Perfect Fit Sunwood,Kalm,,A,Datasets/PerfectFitSunwood.csv (PFSW25)
Perfect Fit Sunwood ,Perfect Fit Sunwood,Khol,,A,Datasets/PerfectFitSunwood.csv (PFSW25)
Perfect Fit Sunwood ,Perfect Fit Sunwood,Mirren,,A,Datasets/PerfectFitSunwood.csv (PFSW25)
Perfect Fit Sunwood ,Perfect Fit Sunwood,Morena,,A,Datasets/PerfectFitSunwood.csv (PFSW25)
Perfect Fit Sunwood ,Perfect Fit Sunwood,Oregon,,A,Datasets/PerfectFitSunwood.csv (PFSW25)
Perfect Fit Sunwood ,Perfect Fit Sunwood,Perla,,A,Datasets/PerfectFitSunwood.csv (PFSW25)
Perfect Fit Sunwood ,Perfect Fit Sunwood,Polar,,A,Datasets/PerfectFitSunwood.csv (PFSW25)
Perfect Fit Sunwood ,Perfect Fit Sunwood,Pure,,A,Datasets/PerfectFitSunwood.csv (PFSW25)
Perfect Fit Sunwood ,Perfect Fit Sunwood,Tawny,,A,Datasets/PerfectFitSunwood.csv (PFSW25)
Softshade Perfect Fit,Perfect Fit Softshade,Hoxton Breathe,,D,Datasets/PerfectFitSoftshade.csv (PFSS)
Softshade Perfect Fit,Perfect Fit Softshade,Hoxton Earth,,D,Datasets/PerfectFitSoftshade.csv (PFSS)
Softshade Perfect Fit,Perfect Fit Softshade,Hoxton Monument,,D,Datasets/PerfectFitSoftshade.csv (PFSS)
Softshade Perfect Fit,Perfect Fit Softshade,Hoxton Roast,,D,Datasets/PerfectFitSoftshade.csv (PFSS)
Softshade Perfect Fit,Perfect Fit Softshade,Kanza Calm,,D,Datasets/PerfectFitSoftshade.csv (PFSS)
Softshade Perfect Fit,Perfect Fit Softshade,Kanza Haze,,D,Datasets/PerfectFitSoftshade.csv (PFSS)
Softshade Perfect Fit,Perfect Fit Softshade,Kanza Novo,,D,Datasets/PerfectFitSoftshade.csv (PFSS)
Softshade Perfect Fit,Perfect Fit Softshade,Kanza Seek,,D,Datasets/PerfectFitSoftshade.csv (PFSS)
Softshade Perfect Fit,Perfect Fit Softshade,Luna Creme,,A,Datasets/PerfectFitSoftshade.csv (PFSS)
Softshade Perfect Fit,Perfect Fit Softshade,Luna Hush,,A,Datasets/PerfectFitSoftshade.csv (PFSS)
Softshade Perfect Fit,Perfect Fit Softshade,Luna Jet,,A,Datasets/PerfectFitSoftshade.csv (PFSS)
Softshade Perfect Fit,Perfect Fit Softshade,Luna Mist,,A,Datasets/PerfectFitSoftshade.csv (PFSS)
Softshade Perfect Fit,Perfect Fit Softshade,Luna Pure,,A,Datasets/PerfectFitSoftshade.csv (PFSS)
Softshade Perfect Fit,Perfect Fit Softshade,Luna Shadow,,A,Datasets/PerfectFitSoftshade.csv (PFSS)
Softshade Perfect Fit,Perfect Fit Softshade,Mero Flint,,E,Datasets/PerfectFitSoftshade.csv (PFSS)
Softshade Perfect Fit,Perfect Fit Softshade,Mero Lesso,,E,Datasets/PerfectFitSoftshade.csv (PFSS)
Softshade Perfect Fit,Perfect Fit Softshade,Mero Lustre,,E,Datasets/PerfectFitSoftshade.csv (PFSS)
Softshade Perfect Fit,Perfect Fit Softshade,Mero Mocca,,E,Datasets/PerfectFitSoftshade.csv (PFSS)
Softshade Perfect Fit,Perfect Fit Softshade,Mero Musk,,E,Datasets/PerfectFitSoftshade.csv (PFSS)
Softshade Perfect Fit,Perfect Fit Softshade,Mero Sterling,,E,Datasets/PerfectFitSoftshade.csv (PFSS)
Softshade Perfect Fit,Perfect Fit Softshade,Nobis Boutique,,D,Datasets/PerfectFitSoftshade.csv (PFSS)
Softshade Perfect Fit,Perfect Fit Softshade,Nobis Chiffon,,D,Datasets/PerfectFitSoftshade.csv (PFSS)
Softshade Perfect Fit,Perfect Fit Softshade,Nobis Glimpse,,D,Datasets/PerfectFitSoftshade.csv (PFSS)
Softshade Perfect Fit,Perfect Fit Softshade,Nobis Mode,,D,Datasets/PerfectFitSoftshade.csv (PFSS)
Softshade Perfect Fit,Perfect Fit Softshade,Nobis Mute,,D,Datasets/PerfectFitSoftshade.csv (PFSS)
Softshade Perfect Fit,Perfect Fit Softshade,Nobis Obsession,,D,Datasets/PerfectFitSoftshade.csv (PFSS)
Softshade Perfect Fit,Perfect Fit Softshade,Nobis Raven,,D,Datasets/PerfectFitSoftshade.csv (PFSS)
Softshade Perfect Fit,Perfect Fit Softshade,Nobis Sabo,,D,Datasets/PerfectFitSoftshade.csv (PFSS)
Softshade Perfect Fit,Perfect Fit Softshade,Rift Camel,,B,Datasets/PerfectFitSoftshade.csv (PFSS)
Softshade Perfect Fit,Perfect Fit Softshade,Rift Coffee,,B,Datasets/PerfectFitSoftshade.csv (PFSS)
Softshade Perfect Fit,Perfect Fit Softshade,Rift Dream,,B,Datasets/PerfectFitSoftshade.csv (PFSS)
Softshade Perfect Fit,Perfect Fit Softshade,Rift Fossil,,B,Datasets/PerfectFitSoftshade.csv (PFSS)
Softshade Perfect Fit,Perfect Fit Softshade,Rift Hessian,,B,Datasets/PerfectFitSoftshade.csv (PFSS)
Softshade Perfect Fit,Perfect Fit Softshade,Rift Hint,,B,Datasets/PerfectFitSoftshade.csv (PFSS)
Softshade Perfect Fit,Perfect Fit Softshade,Rosso Clay,,C,Datasets/PerfectFitSoftshade.csv (PFSS)
Softshade Perfect Fit,Perfect Fit Softshade,Rosso Nori,,C,Datasets/PerfectFitSoftshade.csv (PFSS)
Softshade Perfect Fit,Perfect Fit Softshade,Rosso Rock,,C,Datasets/PerfectFitSoftshade.csv (PFSS)
Softshade Perfect Fit,Perfect Fit Softshade,Rosso Touch,,C,Datasets/PerfectFitSoftshade.csv (PFSS)
Softshade Perfect Fit,Perfect Fit Softshade,Rosso Truth,,C,Datasets/PerfectFitSoftshade.csv (PFSS)
Softshade Perfect Fit,Perfect Fit Softshade,Tela Espri,,E,Datasets/PerfectFitSoftshade.csv (PFSS)
Softshade Perfect Fit,Perfect Fit Softshade,Tela Mist,,E,Datasets/PerfectFitSoftshade.csv (PFSS)
Softshade Perfect Fit,Perfect Fit Softshade,Tela Silk,,E,Datasets/PerfectFitSoftshade.csv (PFSS)
Starwood,Starwood,Bali,,,PDF: SPEC03 Starwood Venetian Blinds (bands not stated in this spec - price bands not yet confirmed)
Starwood,Starwood,Divine,,,PDF: SPEC03 Starwood Venetian Blinds (bands not stated in this spec - price bands not yet confirmed)
Starwood,Starwood,Empire,,,PDF: SPEC03 Starwood Venetian Blinds (bands not stated in this spec - price bands not yet confirmed)
Starwood,Starwood,Glacier,,,PDF: SPEC03 Starwood Venetian Blinds (bands not stated in this spec - price bands not yet confirmed)
Starwood,Starwood,Marlin,,,PDF: SPEC03 Starwood Venetian Blinds (bands not stated in this spec - price bands not yet confirmed)
Starwood,Starwood,Pavilion,,,PDF: SPEC03 Starwood Venetian Blinds (bands not stated in this spec - price bands not yet confirmed)
Starwood,Starwood,Soho,,,PDF: SPEC03 Starwood Venetian Blinds (bands not stated in this spec - price bands not yet confirmed)
Starwood,Starwood,Volt,,,PDF: SPEC03 Starwood Venetian Blinds (bands not stated in this spec - price bands not yet confirmed)
Sunwood,Sunwood,Ash,,A,Datasets/50mmSunwood.csv (CDW50)
Sunwood,Sunwood,Auburn,,A,Datasets/50mmSunwood.csv (CDW50)
Sunwood,Sunwood,Barsa,,C,Datasets/50mmSunwood.csv (CDW50)
Sunwood,Sunwood,Capella,,C,Datasets/50mmSunwood.csv (CDW50)
Sunwood,Sunwood,Carbon,,A,Datasets/50mmSunwood.csv (CDW50)
Sunwood,Sunwood,Cordia,,C,Datasets/50mmSunwood.csv (CDW50)
Sunwood,Sunwood,Fired Walnut,,A,Datasets/50mmSunwood.csv (CDW50)
Sunwood,Sunwood,Gloss Pure,,C,Datasets/50mmSunwood.csv (CDW50)
Sunwood,Sunwood,Honey,,A,Datasets/50mmSunwood.csv (CDW50)
Sunwood,Sunwood,Jarrah,,C,Datasets/50mmSunwood.csv (CDW50)
Sunwood,Sunwood,Kalm,,A,Datasets/50mmSunwood.csv (CDW50)
Sunwood,Sunwood,Khol,,A,Datasets/50mmSunwood.csv (CDW50)
Sunwood,Sunwood,Koa,,A,Datasets/50mmSunwood.csv (CDW50)
Sunwood,Sunwood,Morena,,A,Datasets/50mmSunwood.csv (CDW50)
Sunwood,Sunwood,Narra Oak,,A,Datasets/50mmSunwood.csv (CDW50)
Sunwood,Sunwood,Nordic,,A,Datasets/50mmSunwood.csv (CDW50)
Sunwood,Sunwood,Oregon,,A,Datasets/50mmSunwood.csv (CDW50)
Sunwood,Sunwood,Oska,,A,Datasets/50mmSunwood.csv (CDW50)
Sunwood,Sunwood,Perla,,A,Datasets/50mmSunwood.csv (CDW50)
Sunwood,Sunwood,Polar,,A,Datasets/50mmSunwood.csv (CDW50)
Sunwood,Sunwood,Pure,,A,Datasets/50mmSunwood.csv (CDW50)
Sunwood,Sunwood,Revera,,A,Datasets/50mmSunwood.csv (CDW50)
Sunwood,Sunwood,Tuscan Oak,,A,Datasets/50mmSunwood.csv (CDW50)
Timberlux Prime,Timberlux,Alabaster,,B,Datasets/50mmTimberlux.csv (WO50)
Timberlux Prime,Timberlux,Alpine,,B,Datasets/50mmTimberlux.csv (WO50)
Timberlux Prime,Timberlux,Arcana,,C2,Datasets/50mmTimberlux.csv (WO50)
Timberlux Prime,Timberlux,Armour,,C2,Datasets/50mmTimberlux.csv (WO50)
Timberlux Prime,Timberlux,Cinder,,C2,Datasets/50mmTimberlux.csv (WO50)
Timberlux Prime,Timberlux,Clay,,B,Datasets/50mmTimberlux.csv (WO50)
Timberlux Prime,Timberlux,Cyber,,C2,Datasets/50mmTimberlux.csv (WO50)
Timberlux Prime,Timberlux,Danta,,C2,Datasets/50mmTimberlux.csv (WO50)
Timberlux Prime,Timberlux,Denya,,E,Datasets/50mmTimberlux.csv (WO50)
Timberlux Prime,Timberlux,Faze,,E,Datasets/50mmTimberlux.csv (WO50)
Timberlux Prime,Timberlux,Flax,,C2,Datasets/50mmTimberlux.csv (WO50)
Timberlux Prime,Timberlux,Golden Oak,,B,Datasets/50mmTimberlux.csv (WO50)
Timberlux Prime,Timberlux,Haze,,C2,Datasets/50mmTimberlux.csv (WO50)
Timberlux Prime,Timberlux,Innocent,,C2,Datasets/50mmTimberlux.csv (WO50)
Timberlux Prime,Timberlux,Karri,,C2,Datasets/50mmTimberlux.csv (WO50)
Timberlux Prime,Timberlux,Kosso,,E,Datasets/50mmTimberlux.csv (WO50)
Timberlux Prime,Timberlux,Light Oak,,B,Datasets/50mmTimberlux.csv (WO50)
Timberlux Prime,Timberlux,Linen,,B,Datasets/50mmTimberlux.csv (WO50)
Timberlux Prime,Timberlux,Mari,,C2,Datasets/50mmTimberlux.csv (WO50)
Timberlux Prime,Timberlux,Mora,,E,Datasets/50mmTimberlux.csv (WO50)
Timberlux Prime,Timberlux,Mystic,,B,Datasets/50mmTimberlux.csv (WO50)
Timberlux Prime,Timberlux,Neo,,C2,Datasets/50mmTimberlux.csv (WO50)
Timberlux Prime,Timberlux,Sin,,B,Datasets/50mmTimberlux.csv (WO50)
Timberlux Prime,Timberlux,Soft White,,B,Datasets/50mmTimberlux.csv (WO50)
Timberlux Prime,Timberlux,Stark,,B,Datasets/50mmTimberlux.csv (WO50)
Timberlux Prime,Timberlux,Storm,,B,Datasets/50mmTimberlux.csv (WO50)
Timberlux Prime,Timberlux,Walnut,,B,Datasets/50mmTimberlux.csv (WO50)
Timberlux Prime,Timberlux,Yarrin,,B,Datasets/50mmTimberlux.csv (WO50)
Timberlux Prime,Timberlux,Zaya,,C2,Datasets/50mmTimberlux.csv (WO50)
